,count,mean,std,min,25%,50%,75%,max
activeDuty,168.0,119931.96428571429,273304.1172344758,0.0,9412.5,27325.0,123325.0,2185000.0
paramilitary,168.0,143765.83333333334,670451.9123020539,0.0,0.0,5400.0,31312.5,5889000.0
reserves,168.0,149421.36904761905,524444.0331749852,0.0,0.0,40.0,52700.0,5000000.0
total,168.0,413119.1666666667,1272817.1672508207,200.0,14412.5,57450.0,252125.0,10522000.0
pop2022,168.0,47131.48660119047,160175.33922400494,99.426,4300.066,11181.011,34543.39875,1448471.4
